<application>
  <component name="FileTypeManager" version="17">
    <extensionMap>
      <mapping pattern="party" type="PHP" />
      <mapping pattern="default" type="PLAIN_TEXT" />
      <mapping pattern="box" type="PLAIN_TEXT" />
      <mapping pattern="1" type="PLAIN_TEXT" />
      <mapping pattern=".env.test" type="PLAIN_TEXT" />
      <mapping pattern="install_php" type="PLAIN_TEXT" />
      <mapping pattern=".gitkeep" type="PLAIN_TEXT" />
      <mapping pattern="a" type="PLAIN_TEXT" />
      <mapping ext="passwd" type="PLAIN_TEXT" />
      <mapping ext="stubs" type="PLAIN_TEXT" />
      <mapping ext="bash_profile" type="PLAIN_TEXT" />
      <mapping ext="key" type="PLAIN_TEXT" />
    </extensionMap>
  </component>
</application>