<application>
  <component name="ProjectManager">
    <defaultProject>
      <component name="Encoding" addBOMForNewFiles="with NO BOM" />
      <component name="PhpProjectSharedConfiguration" php_language_level="7.1" />
      <component name="PhpWorkspaceProjectConfiguration" interpreter_name="PHP 7.1" />
      <component name="PropertiesComponent">
        <property name="nodejs_interpreter_path.stuck_in_default_project" value="undefined stuck path" />
        <property name="nodejs_npm_path_reset_for_default_project" value="true" />
        <property name="settings.editor.selected.configurable" value="reference.webide.settings.project.settings.php" />
      </component>
    </defaultProject>
  </component>
</application>